timeStamp,elapsed,label,responseCode,responseMessage,threadName,dataType,success,failureMessage,bytes,sentBytes,grpThreads,allThreads,URL,Latency,IdleTime,Connect
1712505274675,1226,Get community posts,201,Created,getCommunityPosts 1-2,text,true,,3735,356,20,20,https://caching-feelings-server.onrender.com/api/community/getPosts,1223,0,718
1712505274666,1235,Get community posts,201,Created,getCommunityPosts 1-1,text,true,,3735,356,20,20,https://caching-feelings-server.onrender.com/api/community/getPosts,1229,0,727
1712505274978,1115,Get community posts,201,Created,getCommunityPosts 1-8,text,true,,3735,356,20,20,https://caching-feelings-server.onrender.com/api/community/getPosts,1114,0,416
1712505274723,1372,Get community posts,201,Created,getCommunityPosts 1-3,text,true,,3735,356,20,20,https://caching-feelings-server.onrender.com/api/community/getPosts,1372,0,671
1712505275079,1022,Get community posts,201,Created,getCommunityPosts 1-10,text,true,,3735,356,20,20,https://caching-feelings-server.onrender.com/api/community/getPosts,1021,0,315
1712505274878,1326,Get community posts,201,Created,getCommunityPosts 1-6,text,true,,3735,356,20,20,https://caching-feelings-server.onrender.com/api/community/getPosts,1326,0,517
1712505275028,1210,Get community posts,201,Created,getCommunityPosts 1-9,text,true,,3735,356,20,20,https://caching-feelings-server.onrender.com/api/community/getPosts,1210,0,367
1712505275129,1168,Get community posts,201,Created,getCommunityPosts 1-11,text,true,,3735,356,20,20,https://caching-feelings-server.onrender.com/api/community/getPosts,1167,0,266
1712505275176,1219,Get community posts,201,Created,getCommunityPosts 1-12,text,true,,3735,356,20,20,https://caching-feelings-server.onrender.com/api/community/getPosts,1219,0,230
1712505274929,1566,Get community posts,201,Created,getCommunityPosts 1-7,text,true,,3735,356,20,20,https://caching-feelings-server.onrender.com/api/community/getPosts,1566,0,464
1712505274778,1720,Get community posts,201,Created,getCommunityPosts 1-4,text,true,,3735,356,20,20,https://caching-feelings-server.onrender.com/api/community/getPosts,1720,0,617
1712505274828,1764,Get community posts,201,Created,getCommunityPosts 1-5,text,true,,3735,356,20,20,https://caching-feelings-server.onrender.com/api/community/getPosts,1763,0,565
1712505275228,1474,Get community posts,201,Created,getCommunityPosts 1-13,text,true,,3735,356,20,20,https://caching-feelings-server.onrender.com/api/community/getPosts,1473,0,232
1712505275526,1371,Get community posts,201,Created,getCommunityPosts 1-19,text,true,,3735,356,20,20,https://caching-feelings-server.onrender.com/api/community/getPosts,1370,0,244
1712505275277,1623,Get community posts,201,Created,getCommunityPosts 1-14,text,true,,3735,356,20,20,https://caching-feelings-server.onrender.com/api/community/getPosts,1623,0,236
1712505275904,1385,Get community posts,201,Created,getCommunityPosts 1-1,text,true,,3735,356,20,20,https://caching-feelings-server.onrender.com/api/community/getPosts,1384,0,0
1712505275478,1814,Get community posts,201,Created,getCommunityPosts 1-18,text,true,,3735,356,20,20,https://caching-feelings-server.onrender.com/api/community/getPosts,1814,0,222
1712505275905,1393,Get community posts,201,Created,getCommunityPosts 1-2,text,true,,3735,356,20,20,https://caching-feelings-server.onrender.com/api/community/getPosts,1393,0,0
1712505275327,1982,Get community posts,201,Created,getCommunityPosts 1-15,text,true,,3735,356,20,20,https://caching-feelings-server.onrender.com/api/community/getPosts,1981,0,295
1712505275373,1939,Get community posts,201,Created,getCommunityPosts 1-16,text,true,,3735,356,20,20,https://caching-feelings-server.onrender.com/api/community/getPosts,1937,0,222
1712505276240,1251,Get community posts,201,Created,getCommunityPosts 1-9,text,true,,3735,356,20,20,https://caching-feelings-server.onrender.com/api/community/getPosts,1250,0,0
1712505276096,1396,Get community posts,201,Created,getCommunityPosts 1-3,text,true,,3735,356,20,20,https://caching-feelings-server.onrender.com/api/community/getPosts,1396,0,0
1712505275577,1920,Get community posts,201,Created,getCommunityPosts 1-20,text,true,,3735,356,20,20,https://caching-feelings-server.onrender.com/api/community/getPosts,1920,0,257
1712505275428,2087,Get community posts,201,Created,getCommunityPosts 1-17,text,true,,3735,356,20,20,https://caching-feelings-server.onrender.com/api/community/getPosts,2087,0,236
1712505276206,1392,Get community posts,201,Created,getCommunityPosts 1-6,text,true,,3735,356,20,20,https://caching-feelings-server.onrender.com/api/community/getPosts,1391,0,0
1712505276499,1207,Get community posts,201,Created,getCommunityPosts 1-4,text,true,,3735,356,20,20,https://caching-feelings-server.onrender.com/api/community/getPosts,1207,0,0
1712505276102,1683,Get community posts,201,Created,getCommunityPosts 1-10,text,true,,3735,356,20,20,https://caching-feelings-server.onrender.com/api/community/getPosts,1683,0,0
1712505276094,1699,Get community posts,201,Created,getCommunityPosts 1-8,text,true,,3735,356,20,20,https://caching-feelings-server.onrender.com/api/community/getPosts,1699,0,0
1712505276396,1402,Get community posts,201,Created,getCommunityPosts 1-12,text,true,,3735,356,20,20,https://caching-feelings-server.onrender.com/api/community/getPosts,1401,0,0
1712505276497,1401,Get community posts,201,Created,getCommunityPosts 1-7,text,true,,3735,356,20,20,https://caching-feelings-server.onrender.com/api/community/getPosts,1401,0,0
1712505276704,1196,Get community posts,201,Created,getCommunityPosts 1-13,text,true,,3735,356,20,20,https://caching-feelings-server.onrender.com/api/community/getPosts,1196,0,0
1712505276898,1093,Get community posts,201,Created,getCommunityPosts 1-19,text,true,,3735,356,20,20,https://caching-feelings-server.onrender.com/api/community/getPosts,1092,0,0
1712505276298,1702,Get community posts,201,Created,getCommunityPosts 1-11,text,true,,3735,356,20,20,https://caching-feelings-server.onrender.com/api/community/getPosts,1702,0,0
1712505276593,1410,Get community posts,201,Created,getCommunityPosts 1-5,text,true,,3735,356,20,20,https://caching-feelings-server.onrender.com/api/community/getPosts,1409,0,0
1712505277311,980,Get community posts,201,Created,getCommunityPosts 1-15,text,true,,3735,356,20,20,https://caching-feelings-server.onrender.com/api/community/getPosts,979,0,0
1712505276901,1394,Get community posts,201,Created,getCommunityPosts 1-14,text,true,,3735,356,20,20,https://caching-feelings-server.onrender.com/api/community/getPosts,1393,0,0
1712505277291,1004,Get community posts,201,Created,getCommunityPosts 1-1,text,true,,3735,356,20,20,https://caching-feelings-server.onrender.com/api/community/getPosts,1003,0,0
1712505277293,1218,Get community posts,201,Created,getCommunityPosts 1-18,text,true,,3735,356,20,20,https://caching-feelings-server.onrender.com/api/community/getPosts,1217,0,0
1712505277299,1213,Get community posts,201,Created,getCommunityPosts 1-2,text,true,,3735,356,20,20,https://caching-feelings-server.onrender.com/api/community/getPosts,1213,0,0
1712505277493,1022,Get community posts,201,Created,getCommunityPosts 1-3,text,true,,3735,356,20,20,https://caching-feelings-server.onrender.com/api/community/getPosts,1022,0,0
1712505277313,1203,Get community posts,201,Created,getCommunityPosts 1-16,text,true,,3735,356,20,20,https://caching-feelings-server.onrender.com/api/community/getPosts,1203,0,0
1712505277516,1185,Get community posts,201,Created,getCommunityPosts 1-17,text,true,,3735,356,20,20,https://caching-feelings-server.onrender.com/api/community/getPosts,1184,0,0
1712505277599,1106,Get community posts,201,Created,getCommunityPosts 1-6,text,true,,3735,356,20,20,https://caching-feelings-server.onrender.com/api/community/getPosts,1106,0,0
1712505277492,1213,Get community posts,201,Created,getCommunityPosts 1-9,text,true,,3735,356,20,20,https://caching-feelings-server.onrender.com/api/community/getPosts,1213,0,0
1712505277785,1212,Get community posts,201,Created,getCommunityPosts 1-10,text,true,,3735,356,20,20,https://caching-feelings-server.onrender.com/api/community/getPosts,1211,0,0
1712505277707,1290,Get community posts,201,Created,getCommunityPosts 1-4,text,true,,3735,356,20,20,https://caching-feelings-server.onrender.com/api/community/getPosts,1289,0,0
1712505277498,1499,Get community posts,201,Created,getCommunityPosts 1-20,text,true,,3735,356,20,20,https://caching-feelings-server.onrender.com/api/community/getPosts,1498,0,0
1712505277794,1206,Get community posts,201,Created,getCommunityPosts 1-8,text,true,,3735,356,20,20,https://caching-feelings-server.onrender.com/api/community/getPosts,1205,0,0
1712505277992,1504,Get community posts,201,Created,getCommunityPosts 1-19,text,true,,3735,356,20,20,https://caching-feelings-server.onrender.com/api/community/getPosts,1503,0,0
1712505278003,1493,Get community posts,201,Created,getCommunityPosts 1-5,text,true,,3735,356,20,20,https://caching-feelings-server.onrender.com/api/community/getPosts,1493,0,0
1712505277899,1701,Get community posts,201,Created,getCommunityPosts 1-7,text,true,,3735,356,20,20,https://caching-feelings-server.onrender.com/api/community/getPosts,1701,0,0
1712505278001,1685,Get community posts,201,Created,getCommunityPosts 1-11,text,true,,3735,356,20,20,https://caching-feelings-server.onrender.com/api/community/getPosts,1684,0,0
1712505277798,1900,Get community posts,201,Created,getCommunityPosts 1-12,text,true,,3735,356,20,20,https://caching-feelings-server.onrender.com/api/community/getPosts,1900,0,0
1712505278295,1500,Get community posts,201,Created,getCommunityPosts 1-1,text,true,,3735,356,20,20,https://caching-feelings-server.onrender.com/api/community/getPosts,1500,0,0
1712505277901,1907,Get community posts,201,Created,getCommunityPosts 1-13,text,true,,3735,356,20,20,https://caching-feelings-server.onrender.com/api/community/getPosts,1906,0,0
1712505278295,1698,Get community posts,201,Created,getCommunityPosts 1-14,text,true,,3735,356,20,20,https://caching-feelings-server.onrender.com/api/community/getPosts,1698,0,0
1712505278292,1725,Get community posts,201,Created,getCommunityPosts 1-15,text,true,,3735,356,20,20,https://caching-feelings-server.onrender.com/api/community/getPosts,1725,0,0
1712505278517,1578,Get community posts,201,Created,getCommunityPosts 1-16,text,true,,3735,356,20,20,https://caching-feelings-server.onrender.com/api/community/getPosts,1578,0,0
1712505278706,1392,Get community posts,201,Created,getCommunityPosts 1-9,text,true,,3735,356,20,20,https://caching-feelings-server.onrender.com/api/community/getPosts,1392,0,0
1712505278512,1590,Get community posts,201,Created,getCommunityPosts 1-18,text,true,,3735,356,20,20,https://caching-feelings-server.onrender.com/api/community/getPosts,1589,0,0
1712505278706,1397,Get community posts,201,Created,getCommunityPosts 1-6,text,true,,3735,356,20,20,https://caching-feelings-server.onrender.com/api/community/getPosts,1396,0,0
1712505278515,1689,Get community posts,201,Created,getCommunityPosts 1-3,text,true,,3735,356,20,20,https://caching-feelings-server.onrender.com/api/community/getPosts,1688,0,0
1712505278702,1502,Get community posts,201,Created,getCommunityPosts 1-17,text,true,,3735,356,20,20,https://caching-feelings-server.onrender.com/api/community/getPosts,1501,0,0
1712505279602,689,Get community posts,201,Created,getCommunityPosts 1-7,text,true,,3735,356,20,20,https://caching-feelings-server.onrender.com/api/community/getPosts,688,0,0
1712505279498,797,Get community posts,201,Created,getCommunityPosts 1-5,text,true,,3735,356,20,20,https://caching-feelings-server.onrender.com/api/community/getPosts,797,0,0
1712505278513,1786,Get community posts,201,Created,getCommunityPosts 1-2,text,true,,3735,356,20,20,https://caching-feelings-server.onrender.com/api/community/getPosts,1786,0,0
1712505278998,1390,Get community posts,201,Created,getCommunityPosts 1-10,text,true,,3735,356,20,20,https://caching-feelings-server.onrender.com/api/community/getPosts,1390,0,0
1712505279498,901,Get community posts,201,Created,getCommunityPosts 1-19,text,true,,3735,356,20,20,https://caching-feelings-server.onrender.com/api/community/getPosts,900,0,0
1712505279797,788,Get community posts,201,Created,getCommunityPosts 1-1,text,true,,3735,356,20,20,https://caching-feelings-server.onrender.com/api/community/getPosts,787,0,0
1712505278998,1695,Get community posts,201,Created,getCommunityPosts 1-20,text,true,,3735,356,20,20,https://caching-feelings-server.onrender.com/api/community/getPosts,1694,0,0
1712505279000,1693,Get community posts,201,Created,getCommunityPosts 1-8,text,true,,3735,356,20,20,https://caching-feelings-server.onrender.com/api/community/getPosts,1692,0,0
1712505278998,1698,Get community posts,201,Created,getCommunityPosts 1-4,text,true,,3735,356,20,20,https://caching-feelings-server.onrender.com/api/community/getPosts,1698,0,0
1712505279699,1095,Get community posts,201,Created,getCommunityPosts 1-12,text,true,,3735,356,20,20,https://caching-feelings-server.onrender.com/api/community/getPosts,1095,0,0
1712505279809,998,Get community posts,201,Created,getCommunityPosts 1-13,text,true,,3735,356,20,20,https://caching-feelings-server.onrender.com/api/community/getPosts,997,0,0
1712505279687,1301,Get community posts,201,Created,getCommunityPosts 1-11,text,true,,3735,356,20,20,https://caching-feelings-server.onrender.com/api/community/getPosts,1301,0,0
1712505280102,1087,Get community posts,201,Created,getCommunityPosts 1-18,text,true,,3735,356,20,20,https://caching-feelings-server.onrender.com/api/community/getPosts,1086,0,0
1712505280096,1096,Get community posts,201,Created,getCommunityPosts 1-16,text,true,,3735,356,20,20,https://caching-feelings-server.onrender.com/api/community/getPosts,1096,0,0
1712505280103,1089,Get community posts,201,Created,getCommunityPosts 1-6,text,true,,3735,356,20,20,https://caching-feelings-server.onrender.com/api/community/getPosts,1089,0,0
1712505280099,1093,Get community posts,201,Created,getCommunityPosts 1-9,text,true,,3735,356,20,20,https://caching-feelings-server.onrender.com/api/community/getPosts,1093,0,0
1712505280019,1268,Get community posts,201,Created,getCommunityPosts 1-15,text,true,,3735,356,20,20,https://caching-feelings-server.onrender.com/api/community/getPosts,1267,0,0
1712505280205,1094,Get community posts,201,Created,getCommunityPosts 1-17,text,true,,3735,356,20,20,https://caching-feelings-server.onrender.com/api/community/getPosts,1094,0,0
1712505279995,1341,Get community posts,201,Created,getCommunityPosts 1-14,text,true,,3735,356,20,20,https://caching-feelings-server.onrender.com/api/community/getPosts,1341,0,0
1712505280586,810,Get community posts,201,Created,getCommunityPosts 1-1,text,true,,3735,356,20,20,https://caching-feelings-server.onrender.com/api/community/getPosts,810,0,0
1712505280390,1112,Get community posts,201,Created,getCommunityPosts 1-10,text,true,,3735,356,20,20,https://caching-feelings-server.onrender.com/api/community/getPosts,1111,0,0
1712505280990,605,Get community posts,201,Created,getCommunityPosts 1-11,text,true,,3735,356,20,20,https://caching-feelings-server.onrender.com/api/community/getPosts,605,0,0
1712505280292,1314,Get community posts,201,Created,getCommunityPosts 1-7,text,true,,3735,356,20,20,https://caching-feelings-server.onrender.com/api/community/getPosts,1314,0,0
1712505280205,1430,Get community posts,201,Created,getCommunityPosts 1-3,text,true,,3735,356,20,20,https://caching-feelings-server.onrender.com/api/community/getPosts,1429,0,0
1712505280299,1403,Get community posts,201,Created,getCommunityPosts 1-2,text,true,,3735,356,20,20,https://caching-feelings-server.onrender.com/api/community/getPosts,1403,0,0
1712505280796,910,Get community posts,201,Created,getCommunityPosts 1-12,text,true,,3735,356,20,20,https://caching-feelings-server.onrender.com/api/community/getPosts,910,0,0
1712505280400,1306,Get community posts,201,Created,getCommunityPosts 1-19,text,true,,3735,356,20,20,https://caching-feelings-server.onrender.com/api/community/getPosts,1306,0,0
1712505280296,1410,Get community posts,201,Created,getCommunityPosts 1-5,text,true,,3735,356,20,20,https://caching-feelings-server.onrender.com/api/community/getPosts,1410,0,0
1712505280697,1011,Get community posts,201,Created,getCommunityPosts 1-4,text,true,,3735,356,20,20,https://caching-feelings-server.onrender.com/api/community/getPosts,1010,0,0
1712505280808,988,Get community posts,201,Created,getCommunityPosts 1-13,text,true,,3735,356,20,20,https://caching-feelings-server.onrender.com/api/community/getPosts,988,0,0
1712505280695,1107,Get community posts,201,Created,getCommunityPosts 1-20,text,true,,3735,356,20,20,https://caching-feelings-server.onrender.com/api/community/getPosts,1107,0,0
1712505280695,1114,Get community posts,201,Created,getCommunityPosts 1-8,text,true,,3735,356,20,20,https://caching-feelings-server.onrender.com/api/community/getPosts,1114,0,0
1712505281190,816,Get community posts,201,Created,getCommunityPosts 1-18,text,true,,3735,356,20,20,https://caching-feelings-server.onrender.com/api/community/getPosts,815,0,0
1712505281193,904,Get community posts,201,Created,getCommunityPosts 1-6,text,true,,3735,356,20,20,https://caching-feelings-server.onrender.com/api/community/getPosts,903,0,0
1712505281289,837,Get community posts,201,Created,getCommunityPosts 1-15,text,true,,3735,356,20,20,https://caching-feelings-server.onrender.com/api/community/getPosts,837,0,0
1712505281300,827,Get community posts,201,Created,getCommunityPosts 1-17,text,true,,3735,356,20,20,https://caching-feelings-server.onrender.com/api/community/getPosts,826,0,0
1712505281194,932,Get community posts,201,Created,getCommunityPosts 1-9,text,true,,3735,356,20,20,https://caching-feelings-server.onrender.com/api/community/getPosts,932,0,0
1712505281193,961,Get community posts,201,Created,getCommunityPosts 1-16,text,true,,3735,356,20,20,https://caching-feelings-server.onrender.com/api/community/getPosts,960,0,0
1712505281338,874,Get community posts,201,Created,getCommunityPosts 1-14,text,true,,3735,356,20,20,https://caching-feelings-server.onrender.com/api/community/getPosts,874,0,0
1712505281397,821,Get community posts,201,Created,getCommunityPosts 1-1,text,true,,3735,356,20,20,https://caching-feelings-server.onrender.com/api/community/getPosts,821,0,0
1712505281503,792,Get community posts,201,Created,getCommunityPosts 1-10,text,true,,3735,356,20,20,https://caching-feelings-server.onrender.com/api/community/getPosts,792,0,0
1712505281597,1000,Get community posts,201,Created,getCommunityPosts 1-11,text,true,,3735,356,20,20,https://caching-feelings-server.onrender.com/api/community/getPosts,999,0,0
1712505281798,993,Get community posts,201,Created,getCommunityPosts 1-13,text,true,,3735,356,20,20,https://caching-feelings-server.onrender.com/api/community/getPosts,993,0,0
1712505281704,1089,Get community posts,201,Created,getCommunityPosts 1-2,text,true,,3735,356,20,20,https://caching-feelings-server.onrender.com/api/community/getPosts,1089,0,0
1712505281708,1090,Get community posts,201,Created,getCommunityPosts 1-4,text,true,,3735,356,20,20,https://caching-feelings-server.onrender.com/api/community/getPosts,1090,0,0
1712505281708,1103,Get community posts,201,Created,getCommunityPosts 1-5,text,true,,3735,356,20,20,https://caching-feelings-server.onrender.com/api/community/getPosts,1103,0,0
1712505281636,1175,Get community posts,201,Created,getCommunityPosts 1-3,text,true,,3735,356,20,20,https://caching-feelings-server.onrender.com/api/community/getPosts,1175,0,0
1712505281607,1204,Get community posts,201,Created,getCommunityPosts 1-7,text,true,,3735,356,20,20,https://caching-feelings-server.onrender.com/api/community/getPosts,1204,0,0
1712505281707,1125,Get community posts,201,Created,getCommunityPosts 1-12,text,true,,3735,356,20,20,https://caching-feelings-server.onrender.com/api/community/getPosts,1125,0,0
1712505281707,1125,Get community posts,201,Created,getCommunityPosts 1-19,text,true,,3735,356,20,20,https://caching-feelings-server.onrender.com/api/community/getPosts,1125,0,0
1712505282098,1016,Get community posts,201,Created,getCommunityPosts 1-6,text,true,,3735,356,20,20,https://caching-feelings-server.onrender.com/api/community/getPosts,1015,0,0
1712505281810,1304,Get community posts,201,Created,getCommunityPosts 1-8,text,true,,3735,356,20,20,https://caching-feelings-server.onrender.com/api/community/getPosts,1303,0,0
1712505281803,1393,Get community posts,201,Created,getCommunityPosts 1-20,text,true,,3735,356,20,20,https://caching-feelings-server.onrender.com/api/community/getPosts,1393,0,0
1712505282128,1467,Get community posts,201,Created,getCommunityPosts 1-9,text,true,,3735,356,20,20,https://caching-feelings-server.onrender.com/api/community/getPosts,1467,0,0
1712505282007,1589,Get community posts,201,Created,getCommunityPosts 1-18,text,true,,3735,356,20,20,https://caching-feelings-server.onrender.com/api/community/getPosts,1589,0,0
1712505282213,1383,Get community posts,201,Created,getCommunityPosts 1-14,text,true,,3735,356,20,20,https://caching-feelings-server.onrender.com/api/community/getPosts,1383,0,0
1712505282128,1477,Get community posts,201,Created,getCommunityPosts 1-17,text,true,,3735,356,20,20,https://caching-feelings-server.onrender.com/api/community/getPosts,1477,0,0
1712505282155,1556,Get community posts,201,Created,getCommunityPosts 1-16,text,true,,3735,356,20,20,https://caching-feelings-server.onrender.com/api/community/getPosts,1555,0,0
1712505282296,1497,Get community posts,201,Created,getCommunityPosts 1-10,text,true,,3735,356,20,20,https://caching-feelings-server.onrender.com/api/community/getPosts,1496,0,0
1712505282219,1576,Get community posts,201,Created,getCommunityPosts 1-1,text,true,,3735,356,20,20,https://caching-feelings-server.onrender.com/api/community/getPosts,1576,0,0
1712505282598,1292,Get community posts,201,Created,getCommunityPosts 1-11,text,true,,3735,356,20,20,https://caching-feelings-server.onrender.com/api/community/getPosts,1292,0,0
1712505282128,1768,Get community posts,201,Created,getCommunityPosts 1-15,text,true,,3735,356,20,20,https://caching-feelings-server.onrender.com/api/community/getPosts,1767,0,0
1712505282794,1105,Get community posts,201,Created,getCommunityPosts 1-2,text,true,,3735,356,20,20,https://caching-feelings-server.onrender.com/api/community/getPosts,1104,0,0
1712505282792,1202,Get community posts,201,Created,getCommunityPosts 1-13,text,true,,3735,356,20,20,https://caching-feelings-server.onrender.com/api/community/getPosts,1201,0,0
1712505282812,1182,Get community posts,201,Created,getCommunityPosts 1-5,text,true,,3735,356,20,20,https://caching-feelings-server.onrender.com/api/community/getPosts,1182,0,0
1712505282798,1206,Get community posts,201,Created,getCommunityPosts 1-4,text,true,,3735,356,20,20,https://caching-feelings-server.onrender.com/api/community/getPosts,1206,0,0
1712505282812,1475,Get community posts,201,Created,getCommunityPosts 1-7,text,true,,3735,356,20,20,https://caching-feelings-server.onrender.com/api/community/getPosts,1475,0,0
1712505282812,1479,Get community posts,201,Created,getCommunityPosts 1-3,text,true,,3735,356,20,20,https://caching-feelings-server.onrender.com/api/community/getPosts,1478,0,0
1712505283115,1279,Get community posts,201,Created,getCommunityPosts 1-8,text,true,,3735,356,20,20,https://caching-feelings-server.onrender.com/api/community/getPosts,1279,0,0
1712505283197,1199,Get community posts,201,Created,getCommunityPosts 1-20,text,true,,3735,356,20,20,https://caching-feelings-server.onrender.com/api/community/getPosts,1199,0,0
1712505282832,1652,Get community posts,201,Created,getCommunityPosts 1-12,text,true,,3735,356,20,20,https://caching-feelings-server.onrender.com/api/community/getPosts,1651,0,0
1712505283115,1373,Get community posts,201,Created,getCommunityPosts 1-6,text,true,,3735,356,20,20,https://caching-feelings-server.onrender.com/api/community/getPosts,1373,0,0
1712505282832,1753,Get community posts,201,Created,getCommunityPosts 1-19,text,true,,3735,356,20,20,https://caching-feelings-server.onrender.com/api/community/getPosts,1753,0,0
1712505283606,994,Get community posts,201,Created,getCommunityPosts 1-17,text,true,,3735,356,20,20,https://caching-feelings-server.onrender.com/api/community/getPosts,993,0,0
1712505283712,1081,Get community posts,201,Created,getCommunityPosts 1-16,text,true,,3735,356,20,20,https://caching-feelings-server.onrender.com/api/community/getPosts,1081,0,0
1712505283796,1003,Get community posts,201,Created,getCommunityPosts 1-1,text,true,,3735,356,20,20,https://caching-feelings-server.onrender.com/api/community/getPosts,1003,0,0
1712505283596,1298,Get community posts,201,Created,getCommunityPosts 1-18,text,true,,3735,356,20,20,https://caching-feelings-server.onrender.com/api/community/getPosts,1297,0,0
1712505283596,1492,Get community posts,201,Created,getCommunityPosts 1-9,text,true,,3735,356,20,20,https://caching-feelings-server.onrender.com/api/community/getPosts,1492,0,0
1712505283794,1294,Get community posts,201,Created,getCommunityPosts 1-10,text,true,,3735,356,20,20,https://caching-feelings-server.onrender.com/api/community/getPosts,1294,0,0
1712505283596,1602,Get community posts,201,Created,getCommunityPosts 1-14,text,true,,3735,356,20,20,https://caching-feelings-server.onrender.com/api/community/getPosts,1602,0,0
1712505284292,996,Get community posts,201,Created,getCommunityPosts 1-3,text,true,,3735,356,20,20,https://caching-feelings-server.onrender.com/api/community/getPosts,996,0,0
1712505283891,1502,Get community posts,201,Created,getCommunityPosts 1-11,text,true,,3735,356,20,20,https://caching-feelings-server.onrender.com/api/community/getPosts,1502,0,0
1712505284004,1389,Get community posts,201,Created,getCommunityPosts 1-4,text,true,,3735,356,20,20,https://caching-feelings-server.onrender.com/api/community/getPosts,1389,0,0
1712505283899,1498,Get community posts,201,Created,getCommunityPosts 1-2,text,true,,3735,356,20,20,https://caching-feelings-server.onrender.com/api/community/getPosts,1498,0,0
1712505283995,1407,Get community posts,201,Created,getCommunityPosts 1-5,text,true,,3735,356,20,20,https://caching-feelings-server.onrender.com/api/community/getPosts,1407,0,0
1712505284288,1125,Get community posts,201,Created,getCommunityPosts 1-7,text,true,,3735,356,20,20,https://caching-feelings-server.onrender.com/api/community/getPosts,1124,0,0
1712505283995,1498,Get community posts,201,Created,getCommunityPosts 1-13,text,true,,3735,356,20,20,https://caching-feelings-server.onrender.com/api/community/getPosts,1497,0,0
1712505283897,1604,Get community posts,201,Created,getCommunityPosts 1-15,text,true,,3735,356,20,20,https://caching-feelings-server.onrender.com/api/community/getPosts,1604,0,0
1712505284397,1195,Get community posts,201,Created,getCommunityPosts 1-20,text,true,,3735,356,20,20,https://caching-feelings-server.onrender.com/api/community/getPosts,1195,0,0
1712505284395,1265,Get community posts,201,Created,getCommunityPosts 1-8,text,true,,3735,356,20,20,https://caching-feelings-server.onrender.com/api/community/getPosts,1264,0,0
1712505284489,1200,Get community posts,201,Created,getCommunityPosts 1-6,text,true,,3735,356,20,20,https://caching-feelings-server.onrender.com/api/community/getPosts,1200,0,0
1712505284485,1204,Get community posts,201,Created,getCommunityPosts 1-12,text,true,,3735,356,20,20,https://caching-feelings-server.onrender.com/api/community/getPosts,1204,0,0
1712505284587,1208,Get community posts,201,Created,getCommunityPosts 1-19,text,true,,3735,356,20,20,https://caching-feelings-server.onrender.com/api/community/getPosts,1207,0,0
1712505285089,707,Get community posts,201,Created,getCommunityPosts 1-9,text,true,,3735,356,20,20,https://caching-feelings-server.onrender.com/api/community/getPosts,706,0,0
1712505285089,708,Get community posts,201,Created,getCommunityPosts 1-10,text,true,,3735,356,20,20,https://caching-feelings-server.onrender.com/api/community/getPosts,708,0,0
1712505284600,1199,Get community posts,201,Created,getCommunityPosts 1-17,text,true,,3735,356,20,20,https://caching-feelings-server.onrender.com/api/community/getPosts,1198,0,0
1712505284895,905,Get community posts,201,Created,getCommunityPosts 1-18,text,true,,3735,356,20,20,https://caching-feelings-server.onrender.com/api/community/getPosts,905,0,0
1712505284795,1017,Get community posts,201,Created,getCommunityPosts 1-16,text,true,,3735,356,20,20,https://caching-feelings-server.onrender.com/api/community/getPosts,1017,0,0
1712505284799,1094,Get community posts,201,Created,getCommunityPosts 1-1,text,true,,3735,356,20,20,https://caching-feelings-server.onrender.com/api/community/getPosts,1094,0,0
1712505285200,696,Get community posts,201,Created,getCommunityPosts 1-14,text,true,,3735,356,20,20,https://caching-feelings-server.onrender.com/api/community/getPosts,696,0,0
1712505285290,696,Get community posts,201,Created,getCommunityPosts 1-3,text,true,,3735,356,19,19,https://caching-feelings-server.onrender.com/api/community/getPosts,696,0,0
1712505285398,592,Get community posts,201,Created,getCommunityPosts 1-2,text,true,,3735,356,19,19,https://caching-feelings-server.onrender.com/api/community/getPosts,592,0,0
1712505285413,579,Get community posts,201,Created,getCommunityPosts 1-7,text,true,,3735,356,19,19,https://caching-feelings-server.onrender.com/api/community/getPosts,579,0,0
1712505285395,601,Get community posts,201,Created,getCommunityPosts 1-11,text,true,,3735,356,19,19,https://caching-feelings-server.onrender.com/api/community/getPosts,601,0,0
1712505285403,594,Get community posts,201,Created,getCommunityPosts 1-5,text,true,,3735,356,19,19,https://caching-feelings-server.onrender.com/api/community/getPosts,594,0,0
1712505285395,614,Get community posts,201,Created,getCommunityPosts 1-4,text,true,,3735,356,19,19,https://caching-feelings-server.onrender.com/api/community/getPosts,614,0,0
1712505285593,598,Get community posts,201,Created,getCommunityPosts 1-20,text,true,,3735,356,19,19,https://caching-feelings-server.onrender.com/api/community/getPosts,598,0,0
1712505285502,895,Get community posts,201,Created,getCommunityPosts 1-15,text,true,,3735,356,19,19,https://caching-feelings-server.onrender.com/api/community/getPosts,895,0,0
1712505285661,828,Get community posts,201,Created,getCommunityPosts 1-8,text,true,,3735,356,19,19,https://caching-feelings-server.onrender.com/api/community/getPosts,827,0,0
1712505285494,1111,Get community posts,201,Created,getCommunityPosts 1-13,text,true,,3735,356,19,19,https://caching-feelings-server.onrender.com/api/community/getPosts,1111,0,0
1712505285796,893,Get community posts,201,Created,getCommunityPosts 1-9,text,true,,3735,356,19,19,https://caching-feelings-server.onrender.com/api/community/getPosts,893,0,0
1712505285690,1006,Get community posts,201,Created,getCommunityPosts 1-12,text,true,,3735,356,18,18,https://caching-feelings-server.onrender.com/api/community/getPosts,1006,0,0
1712505285690,1007,Get community posts,201,Created,getCommunityPosts 1-6,text,true,,3735,356,18,18,https://caching-feelings-server.onrender.com/api/community/getPosts,1007,0,0
1712505285801,1091,Get community posts,201,Created,getCommunityPosts 1-18,text,true,,3735,356,17,17,https://caching-feelings-server.onrender.com/api/community/getPosts,1091,0,0
1712505285798,1094,Get community posts,201,Created,getCommunityPosts 1-10,text,true,,3735,356,17,17,https://caching-feelings-server.onrender.com/api/community/getPosts,1094,0,0
1712505285799,1102,Get community posts,201,Created,getCommunityPosts 1-17,text,true,,3735,356,16,16,https://caching-feelings-server.onrender.com/api/community/getPosts,1102,0,0
1712505285796,1192,Get community posts,201,Created,getCommunityPosts 1-19,text,true,,3735,356,16,16,https://caching-feelings-server.onrender.com/api/community/getPosts,1191,0,0
1712505285897,1299,Get community posts,201,Created,getCommunityPosts 1-14,text,true,,3735,356,16,16,https://caching-feelings-server.onrender.com/api/community/getPosts,1298,0,0
1712505285988,1307,Get community posts,201,Created,getCommunityPosts 1-3,text,true,,3735,356,16,16,https://caching-feelings-server.onrender.com/api/community/getPosts,1306,0,0
1712505286399,903,Get community posts,201,Created,getCommunityPosts 1-15,text,true,,3735,356,15,15,https://caching-feelings-server.onrender.com/api/community/getPosts,902,0,0
1712505285993,1310,Get community posts,201,Created,getCommunityPosts 1-7,text,true,,3735,356,15,15,https://caching-feelings-server.onrender.com/api/community/getPosts,1310,0,0
1712505285813,1510,Get community posts,201,Created,getCommunityPosts 1-16,text,true,,3735,356,14,14,https://caching-feelings-server.onrender.com/api/community/getPosts,1510,0,0
1712505286193,1200,Get community posts,201,Created,getCommunityPosts 1-20,text,true,,3735,356,14,14,https://caching-feelings-server.onrender.com/api/community/getPosts,1200,0,0
1712505286009,1478,Get community posts,201,Created,getCommunityPosts 1-4,text,true,,3735,356,14,14,https://caching-feelings-server.onrender.com/api/community/getPosts,1477,0,0
1712505285991,1503,Get community posts,201,Created,getCommunityPosts 1-2,text,true,,3735,356,13,13,https://caching-feelings-server.onrender.com/api/community/getPosts,1503,0,0
1712505285997,1503,Get community posts,201,Created,getCommunityPosts 1-11,text,true,,3735,356,12,12,https://caching-feelings-server.onrender.com/api/community/getPosts,1502,0,0
1712505286490,1011,Get community posts,201,Created,getCommunityPosts 1-8,text,true,,3735,356,11,11,https://caching-feelings-server.onrender.com/api/community/getPosts,1011,0,0
1712505285998,1593,Get community posts,201,Created,getCommunityPosts 1-5,text,true,,3735,356,10,10,https://caching-feelings-server.onrender.com/api/community/getPosts,1593,0,0
1712505286989,643,Get community posts,201,Created,getCommunityPosts 1-19,text,true,,3735,356,9,9,https://caching-feelings-server.onrender.com/api/community/getPosts,642,0,0
1712505286607,1026,Get community posts,201,Created,getCommunityPosts 1-13,text,true,,3735,356,9,9,https://caching-feelings-server.onrender.com/api/community/getPosts,1025,0,0
1712505286697,993,Get community posts,201,Created,getCommunityPosts 1-12,text,true,,3735,356,7,7,https://caching-feelings-server.onrender.com/api/community/getPosts,993,0,0
1712505286894,798,Get community posts,201,Created,getCommunityPosts 1-18,text,true,,3735,356,6,6,https://caching-feelings-server.onrender.com/api/community/getPosts,798,0,0
1712505287197,595,Get community posts,201,Created,getCommunityPosts 1-14,text,true,,3735,356,5,5,https://caching-feelings-server.onrender.com/api/community/getPosts,594,0,0
1712505286902,892,Get community posts,201,Created,getCommunityPosts 1-17,text,true,,3735,356,4,4,https://caching-feelings-server.onrender.com/api/community/getPosts,892,0,0
1712505287303,528,Get community posts,201,Created,getCommunityPosts 1-15,text,true,,3735,356,3,3,https://caching-feelings-server.onrender.com/api/community/getPosts,528,0,0
1712505287324,531,Get community posts,201,Created,getCommunityPosts 1-16,text,true,,3735,356,2,2,https://caching-feelings-server.onrender.com/api/community/getPosts,530,0,0
1712505287394,496,Get community posts,201,Created,getCommunityPosts 1-20,text,true,,3735,356,1,1,https://caching-feelings-server.onrender.com/api/community/getPosts,496,0,0
